Datum,Imena putnika,Polazak,Odlazak
01.06.2026,"Ksenija, Stefan, Branko, Milica",Da,Da
02.06.2026,"Ksenija, Stefan",Da,Da
03.06.2026,"Ksenija, Stefan, Milica",Da,Da
04.06.2026,"Ksenija, Stefan, Milica",Da,Da
05.06.2026,Milica,Da,Da
08.06.2026,"Ksenija, Radislav, Stefan, Milica",Da,Da
09.06.2026,"Ksenija, Radislav, Stefan, Milica",Da,Da
10.06.2026,"Ksenija, Radislav, Stefan, Milica",Da,Da
11.06.2026,"Ksenija, Radislav, Stefan",Da,Da
12.06.2026,"Ksenija, Radislav, Stefan",Da,Da
15.06.2026,"Ksenija, Nikola",Da,Da
16.06.2026,"Ksenija, Nikola",Da,Da
18.06.2026,"Ksenija, Nikola",Da,Da
19.06.2026,"Ksenija, Nikola",Da,Da
22.06.2026,"Ksenija, Nikola",Da,Da
23.06.2026,"Ksenija, Nikola",Da,Da
24.06.2026,"Ksenija, Nikola",Da,Da
26.06.2026,Nikola,Da,Da
